Website,Phone,Email,Facebook
https://www.roushanedu.com/,01708525544,contact@roushanedu.com,https://www.facebook.com/roushan.edu
https://visapointint.com/,01894928770,info@visapointint.com,https://www.facebook.com/visapointinternational.com.bd
https://globalvisionbd.com/,01407090900,bootstrap@5.2.3,https://www.facebook.com/HelloGlobalVision
https://firstglobalvisaconsultancy.com/,,contact@firstglobalvisaconsultancy.com,https://www.facebook.com/firstglobalvisaconsultancy
https://www.dsceducationbd.com/,01755998849,dreamland24.bd@gmail.com,https://www.facebook.com/dreamlandstudentconsultancy2023
https://prothomblog.com/student-consultancy-firms-in-bangladesh/,01911878274,,
https://moha.gov.bd/,01908888888,minister@moha.gov.bd,https://www.facebook.com/profile.php?id=61574950637468
https://aliceimmigration.com/,01857591714,support@aliceimmigration.com,https://www.facebook.com/@AliceVisaImmigration/?mibextid=ZbWKwL
https://www.roushanedu.com/,01708525544,contact@roushanedu.com,https://www.facebook.com/roushan.edu
https://macesbd.com/,,flags@2x.png,https://www.facebook.com/tr?id=1078159466067961&ev=PageView&noscript=1
https://www.shakiledu.com/,+8801880000091,bootstrap@5.3.3,https://www.facebook.com/shakil.education.bangladesh
https://wingsbd.com/,+8801720553272,,https://www.facebook.com/globalwingsbd
https://sagorconsultancy.com/,+8801400331155,bootstrap@5.3.0-alpha1,https://www.facebook.com/SagorConsultancy/
https://www.sangenbd.com/,+8801615000125,,https://www.facebook.com/sangenedultd
https://luminedge.com.bd/,01400403485,info.dhaka@luminedge.com.au,https://www.facebook.com/LuminedgeBangladesh/
https://cyanconsultant.com/canada/,+8801778884435,info@cyanconsultancy.com,
https://swodeshiimmigration.com/,01926662629,nfo@swodeshiimmigration.com,https://www.facebook.com/swodeshiimmigrationservices
https://www.lavieimmigration.com/best-canada-immigration-consultants-in-bangladesh/,+8801753347775,lavieimmigration@gmail.com,https://www.facebook.com/LavieImigration
https://abconbd.com/canada-immigration-consultancy-service-in-bangladesh-2/,+8801818717779,info@abconbd.com,https://www.facebook.com/abconbd
https://www.visawayconsultancy.com/countries/ca.html,01403000155,bootstrap@5.3.3,https://www.facebook.com/visaway/
https://trvglobalbd.com/canada-visa/,+8801841857777,,https://www.facebook.com/trvglobal
https://makimmigration.ca/services-areas/bangladesh-to-canada-immigration-consultants/,,info@makimmigration.ca,https://www.facebook.com/makcanadianimmigration/
https://www.international.gc.ca/country-pays/bangladesh/dhaka-dacca.aspx?lang=eng,,dhakag@international.gc.ca,https://www.facebook.com/CanadaInBangladesh
https://abconbd.com/uk-visa-immigration-consultancy-service-in-dhaka/,+8801818717779,info@abconbd.com,https://www.facebook.com/abconbd
https://www.sagorconsultancy.com/blog/the-best-uk-student-visa-consultancy-in-dhaka-bangladesh,+8801400331155,bootstrap@5.3.0-alpha1,https://www.facebook.com/SagorConsultancy/
https://www.roushanedu.com/who-is-the-top-uk-student-consultancy-firm-in-dhaka-bangladesh/,01708525544,contact@roushanedu.com,https://www.facebook.com/roushan.edu
https://scholarconnect.bd/,01537399599,scholarconnect.bd@gmail.com,https://www.facebook.com/scholarconnectbd
https://esabangladesh.com/uk-student-visa-consultant-bangladesh/,,info@esabangladesh.com,https://www.facebook.com/EducentricStudyAbroad
https://unieducation.uk/uk-education-consultant-in-dhaka/,+8801313481453,app@unieducation.uk.,https://www.facebook.com/unieducation.nigeria
